user_id,interests,past_courses,future_courses
U001,"blockchain,algorithms,IoT","C009,C010,C008","C019,C011,C017"
U002,"AI,augmented reality,data science","C010,C002,C003,C001","C017,C012,C013"
U003,"databases,quantum computing","C004,C009","C011,C013,C017,C020"
U004,"algorithms,augmented reality,blockchain,big data,web development","C007,C006","C016,C018,C012,C017"
U005,"algorithms,web development,cybersecurity,natural language processing","C009,C002,C003,C007","C019,C011,C017,C014,C020"
U006,"graphics,game development","C008,C001,C006","C019,C011,C017"
U007,"robotics,natural language processing,quantum computing,big data","C007,C004,C006","C017,C014,C013"
U008,"quantum computing,databases,natural language processing,algorithms,blockchain","C001,C008,C007,C009","C015,C019"
U009,"graphics,natural language processing,computer vision,blockchain,game development","C001,C003","C012,C015,C018"
U010,"algorithms,software engineering","C002,C008,C010","C011,C016,C017"
U011,"AI,data science,networking,computer vision,robotics","C005,C002,C001,C008,C006","C011,C017,C015"
U012,"IoT,big data","C005,C008,C001,C002,C009","C017,C019,C012,C015,C011"
U013,"computer vision,natural language processing","C002,C001,C009","C012,C013,C019"
U014,"natural language processing,big data,game development,data science,cybersecurity","C004,C008,C007,C005,C002","C020,C013,C019,C017"
U015,"data science,computer vision","C007,C005,C006,C008,C003","C020,C013"
U016,"cloud computing,networking,web development,blockchain,cybersecurity","C007,C008,C004,C005","C020,C011,C014,C017"
U017,"web development,software engineering,algorithms,game development,mobile development","C009,C006","C016,C015,C019,C014"
U018,"computer vision,IoT","C004,C001,C010,C007","C016,C013"
U019,"blockchain,robotics,graphics,cybersecurity","C010,C002,C006,C005,C003","C020,C012,C015,C019"
U020,"mobile development,robotics,graphics,cybersecurity,AI","C005,C004","C018,C014,C020,C011"
U021,"augmented reality,networking,computer vision","C007,C008,C001,C006","C018,C019,C013,C016"
U022,"algorithms,mobile development,data science,AI","C003,C010,C009,C001,C006","C016,C014,C013"
U023,"big data,algorithms,blockchain","C008,C009","C020,C011,C017"
U024,"graphics,databases,cloud computing,big data","C004,C008,C010,C001","C014,C018"
U025,"networking,IoT","C007,C010","C015,C014,C019"
U026,"natural language processing,networking,blockchain,databases","C005,C006,C003,C001,C008","C013,C015,C014"
U027,"game development,robotics","C009,C001,C005","C012,C011,C016,C014"
U028,"IoT,natural language processing,graphics","C006,C005,C007,C008,C002","C019,C016"
U029,"software engineering,blockchain,AI,cybersecurity,cloud computing","C004,C003","C018,C011,C016"
U030,"cybersecurity,game development,cloud computing,AI,computer vision","C009,C010,C007,C008,C002","C011,C016,C017,C015"
U031,"game development,web development","C001,C003,C005","C017,C013,C016,C014,C019"
U032,"databases,mobile development,big data","C009,C005","C012,C015"
U033,"data science,networking,databases,augmented reality,algorithms","C007,C002,C004","C012,C015,C014,C013"
U034,"software engineering,blockchain,AI,web development,databases","C004,C009,C006,C008","C011,C016"
U035,"software engineering,robotics,data science","C005,C003,C008,C002","C015,C011,C016,C020,C014"
U036,"robotics,quantum computing,mobile development,computer vision,cybersecurity","C006,C008,C005","C012,C013,C015,C019,C011"
U037,"computer vision,augmented reality,graphics,networking,game development","C006,C007,C010","C020,C016,C017,C019,C013"
U038,"databases,algorithms,web development,blockchain,augmented reality","C004,C005,C007,C001","C018,C013,C014"
U039,"big data,natural language processing,software engineering","C002,C005","C019,C016,C015,C018,C017"
U040,"databases,blockchain,cybersecurity,game development","C004,C009,C005,C001,C007","C011,C020,C019,C012,C015"
U041,"blockchain,big data,augmented reality,algorithms,databases","C002,C009,C008,C007","C018,C019,C017,C020,C016"
U042,"mobile development,blockchain,game development,software engineering","C006,C009,C001","C012,C019,C017,C011"
U043,"big data,augmented reality","C001,C004,C009,C010","C016,C020,C013"
U044,"graphics,natural language processing,IoT","C006,C003,C004","C012,C011,C014"
U045,"algorithms,cybersecurity,networking,big data,graphics","C010,C006,C003,C007","C018,C011,C013,C014"
U046,"quantum computing,web development","C008,C002,C007","C016,C012,C013,C020,C014"
U047,"AI,blockchain,software engineering","C007,C008,C005,C010,C002","C015,C012,C017"
U048,"IoT,augmented reality,graphics,algorithms","C005,C001,C008","C015,C012,C019"
U049,"cloud computing,databases,cybersecurity,game development","C006,C009","C017,C013,C020"
U050,"augmented reality,natural language processing,networking,computer vision,graphics","C003,C009","C015,C018,C014,C019"
U051,"AI,databases","C005,C003,C007","C019,C011,C014,C018"
U052,"AI,augmented reality","C001,C005,C010","C019,C013,C012,C018,C015"
U053,"databases,web development,big data,software engineering","C010,C007,C003","C012,C016,C020,C015,C013"
U054,"cloud computing,web development,graphics,augmented reality","C004,C010,C006,C003","C012,C014,C015"
U055,"algorithms,big data,natural language processing","C001,C010","C015,C016,C013,C018,C019"
U056,"computer vision,databases,web development","C004,C001,C007,C010,C003","C018,C011,C014,C017"
U057,"big data,software engineering","C009,C004","C016,C011,C013,C014,C018"
U058,"mobile development,natural language processing,quantum computing,robotics","C008,C010","C017,C012"
U059,"web development,algorithms,data science","C005,C010,C002,C009","C019,C014,C013"
U060,"quantum computing,cybersecurity","C004,C002,C008,C005","C013,C012"
U061,"robotics,algorithms,databases,AI","C008,C003","C014,C020"
U062,"computer vision,mobile development,cybersecurity,databases,graphics","C009,C001,C008","C012,C013,C020,C015,C019"
U063,"augmented reality,computer vision,game development,natural language processing","C001,C003,C010,C009","C011,C014"
U064,"big data,quantum computing,web development,data science","C005,C002","C017,C020"
U065,"game development,mobile development,software engineering,web development","C003,C004,C006,C005,C001","C014,C013"
U066,"software engineering,cybersecurity,blockchain","C006,C008,C007,C001,C010","C019,C011"
U067,"natural language processing,mobile development,quantum computing,computer vision","C010,C002,C004,C007,C009","C018,C017,C014,C012,C016"
U068,"natural language processing,mobile development,networking,game development","C005,C004,C001","C013,C016,C012"
U069,"software engineering,databases,data science","C006,C010,C003","C020,C018"
U070,"algorithms,blockchain","C006,C001,C002,C005","C013,C012,C014,C011"
U071,"computer vision,cybersecurity","C003,C008,C009,C006","C020,C016,C019,C014"
U072,"graphics,IoT,cloud computing,blockchain","C005,C003,C002","C016,C014"
U073,"networking,robotics","C006,C004,C005","C020,C014,C013,C011,C017"
U074,"software engineering,networking,IoT","C004,C006,C001","C016,C017,C018,C020,C012"
U075,"software engineering,databases,robotics","C007,C008,C010,C006","C015,C014,C017,C018"
U076,"AI,natural language processing,quantum computing","C005,C001,C006","C017,C015,C019,C020"
U077,"big data,cybersecurity,cloud computing","C003,C008","C014,C016"
U078,"mobile development,networking,web development,software engineering,big data","C004,C009,C008","C016,C015,C011"
U079,"graphics,big data,mobile development,game development","C004,C002,C009","C017,C015,C018"
U080,"quantum computing,IoT","C005,C006,C004,C009","C019,C011,C013,C017"
U081,"natural language processing,cybersecurity","C004,C002,C009,C008,C006","C015,C017"
U082,"big data,web development,networking","C010,C005,C008,C001","C017,C014,C011,C012"
U083,"cloud computing,databases,web development","C008,C010,C005,C004,C003","C013,C016,C017,C012"
U084,"databases,cloud computing,AI,web development,big data","C002,C008,C006,C009,C003","C014,C018"
U085,"game development,natural language processing,mobile development","C010,C008,C002,C003,C005","C015,C014,C013,C020"
U086,"networking,IoT,natural language processing,cloud computing,big data","C006,C008,C003,C010,C001","C011,C012,C013,C014"
U087,"big data,AI","C006,C008","C020,C014,C016,C017,C018"
U088,"augmented reality,IoT,web development","C003,C001,C006,C004","C018,C013"
U089,"AI,graphics,algorithms","C001,C002,C004,C010,C007","C017,C014,C019,C015"
U090,"robotics,IoT,mobile development,web development","C007,C003,C006","C014,C019"
U091,"quantum computing,software engineering,AI,big data","C009,C008,C006,C002,C001","C017,C019,C016"
U092,"computer vision,game development,networking","C003,C007,C010,C001","C015,C012,C019"
U093,"software engineering,game development","C006,C008,C001,C005","C020,C015,C013,C017"
U094,"graphics,big data,quantum computing","C005,C009,C008,C004,C002","C020,C012"
U095,"cloud computing,natural language processing,cybersecurity,AI,algorithms","C007,C004","C015,C011,C013"
U096,"quantum computing,cloud computing,software engineering,augmented reality,computer vision","C007,C003,C005,C002","C016,C017,C019,C015"
U097,"augmented reality,natural language processing,robotics","C005,C004,C002,C010,C003","C012,C014"
U098,"computer vision,cloud computing,software engineering,networking","C001,C007,C010","C011,C020,C018,C019"
U099,"blockchain,algorithms,cloud computing,data science","C006,C002,C005","C017,C011,C020,C014,C018"
U100,"graphics,AI,augmented reality,IoT,cloud computing","C001,C006,C004,C010","C020,C019,C014"
U101,"web development,augmented reality,algorithms","C005,C010,C008,C007","C014,C012,C013,C011,C018"
U102,"big data,blockchain,robotics,cybersecurity","C002,C001,C006","C011,C013,C019,C016,C015"
U103,"databases,data science","C005,C001,C010,C006","C018,C013,C012,C019,C015"
U104,"IoT,graphics,data science,robotics","C002,C008,C010,C001","C011,C013,C014,C015"
U105,"quantum computing,natural language processing,cybersecurity,computer vision,graphics","C003,C007,C010","C020,C015,C014,C017"
U106,"web development,computer vision,quantum computing,game development,IoT","C009,C004,C006","C018,C012,C019,C013"
U107,"databases,big data,game development,graphics,networking","C007,C006","C020,C015,C013,C016,C012"
U108,"graphics,software engineering,databases,networking","C010,C004","C012,C020,C013"
U109,"mobile development,computer vision,game development","C003,C007,C010,C005","C019,C018,C011"
U110,"robotics,databases,algorithms,quantum computing","C008,C002,C001","C011,C015,C018,C020"
U111,"AI,web development,computer vision,networking","C010,C003","C015,C011,C017,C020,C012"
U112,"augmented reality,mobile development,robotics,IoT","C007,C009,C010","C011,C014,C016"
U113,"quantum computing,databases","C002,C010,C003","C019,C014,C011,C017,C020"
U114,"AI,robotics,natural language processing","C005,C009,C002,C004","C018,C014"
U115,"natural language processing,cybersecurity,IoT,databases,cloud computing","C009,C002,C003,C010","C012,C016"
U116,"databases,natural language processing,quantum computing","C005,C001","C017,C018,C013,C015"
U117,"IoT,natural language processing,AI,blockchain,computer vision","C009,C005,C002,C003","C011,C020,C013,C019"
U118,"networking,algorithms,computer vision,big data","C008,C003,C006","C020,C013,C012"
U119,"IoT,algorithms,natural language processing","C003,C010","C020,C013,C017,C018,C014"
U120,"quantum computing,algorithms,big data,cybersecurity,IoT","C007,C003,C006,C001,C008","C011,C017,C018,C016,C019"
U121,"big data,software engineering,blockchain","C001,C003","C012,C018,C020,C013,C011"
U122,"algorithms,robotics,AI,data science,IoT","C009,C004,C008,C006,C003","C011,C013"
U123,"computer vision,blockchain","C008,C005,C001","C014,C012,C015,C017,C013"
U124,"IoT,computer vision,cloud computing,big data,data science","C004,C009,C005","C012,C017"
U125,"web development,data science","C007,C005","C014,C016,C012"
U126,"algorithms,blockchain,web development","C002,C007,C003","C019,C020,C018,C014"
U127,"robotics,AI,algorithms","C007,C008","C020,C014,C013,C019"
U128,"natural language processing,databases","C004,C009,C003,C007,C002","C014,C011,C012,C020"
U129,"game development,databases,networking","C001,C008","C016,C020"
U130,"game development,algorithms,IoT,computer vision,networking","C010,C003,C002,C008","C012,C015,C013"
U131,"graphics,software engineering,IoT","C009,C002,C005","C015,C018"
U132,"augmented reality,blockchain,robotics","C010,C004,C003,C002,C001","C014,C011"
U133,"mobile development,cloud computing,databases,web development","C005,C008","C019,C013,C018"
U134,"quantum computing,data science","C002,C007,C001,C006","C011,C016,C013,C020"
U135,"networking,quantum computing,databases,robotics","C008,C002,C005,C003","C015,C017"
U136,"graphics,cloud computing","C003,C004,C010,C002,C005","C016,C017"
U137,"networking,web development,augmented reality,graphics","C007,C001,C009","C013,C011,C019,C020"
U138,"blockchain,mobile development","C009,C008,C003,C004,C010","C017,C019,C012,C015"
U139,"quantum computing,robotics,mobile development,graphics,data science","C005,C001,C006","C012,C016,C019,C020,C018"
U140,"web development,computer vision,robotics","C001,C002,C007,C010","C018,C019,C015,C014,C016"
U141,"data science,blockchain","C006,C002,C004,C001","C013,C018"
U142,"algorithms,cybersecurity,quantum computing,software engineering","C004,C006","C020,C014,C012,C015,C011"
U143,"software engineering,natural language processing","C003,C006,C009,C005,C004","C014,C020,C017,C011"
U144,"AI,software engineering","C009,C008,C010,C003","C012,C013,C019,C015,C011"
U145,"natural language processing,cybersecurity,IoT","C006,C004,C002,C009","C017,C011,C016,C015,C020"
U146,"computer vision,databases,game development,cloud computing,algorithms","C004,C006,C009,C003","C017,C012,C018,C016,C015"
U147,"blockchain,databases,cloud computing,AI,computer vision","C001,C008","C019,C013,C016,C014"
U148,"databases,IoT,algorithms,natural language processing","C010,C002","C011,C018,C020"
U149,"cybersecurity,quantum computing","C007,C003,C004,C005","C012,C016,C019,C011,C014"
U150,"big data,cybersecurity,software engineering,blockchain,game development","C009,C006,C004","C016,C017,C019,C013,C015"
U151,"AI,blockchain,game development,robotics","C009,C010,C005,C001,C008","C012,C014,C020"
U152,"IoT,robotics,data science","C009,C005,C002","C014,C020,C019,C015"
U153,"mobile development,software engineering,web development,blockchain","C002,C004,C007","C019,C014,C016"
U154,"game development,big data,cloud computing,IoT","C007,C003,C008","C014,C012,C019,C011,C013"
U155,"natural language processing,software engineering,web development","C004,C007","C011,C017"
U156,"graphics,AI,cybersecurity,big data","C009,C003,C005","C014,C012,C019,C011,C018"
U157,"cloud computing,mobile development,computer vision,game development","C006,C004,C005,C007","C018,C012,C019,C015,C020"
U158,"natural language processing,robotics,cloud computing,blockchain","C002,C006,C003,C004","C015,C014"
U159,"game development,data science","C010,C006,C005,C003","C015,C013,C019,C014,C018"
U160,"databases,cloud computing,networking","C002,C006","C015,C014,C020,C012"
U161,"web development,augmented reality,quantum computing,databases,software engineering","C010,C005,C004,C002","C014,C015"
U162,"augmented reality,IoT,databases,web development,AI","C010,C009,C005","C016,C013"
U163,"AI,augmented reality,big data","C006,C002,C009,C005","C020,C013"
U164,"algorithms,software engineering","C002,C008,C009","C020,C016"
U165,"robotics,augmented reality","C002,C003","C013,C017"
U166,"algorithms,data science,robotics","C003,C004","C020,C017"
U167,"algorithms,mobile development,networking,databases,IoT","C002,C004","C016,C020,C015,C017,C014"
U168,"web development,IoT,big data,networking,robotics","C008,C003,C009,C004","C019,C011,C020,C014,C012"
U169,"game development,data science,big data,web development","C002,C006,C005,C007,C003","C011,C020,C019"
U170,"software engineering,data science,networking,robotics","C003,C010,C005,C002,C006","C020,C014,C015,C016,C018"
U171,"natural language processing,software engineering","C003,C001,C004","C016,C020"
U172,"augmented reality,databases,data science,software engineering","C002,C006","C014,C020,C018,C015"
U173,"cybersecurity,databases","C005,C004,C007,C001","C016,C020,C013,C019"
U174,"AI,IoT,databases,networking,computer vision","C002,C006,C009","C013,C020"
U175,"data science,blockchain","C002,C009,C006,C001","C020,C018,C016,C015"
U176,"quantum computing,software engineering,blockchain,robotics,algorithms","C009,C002","C019,C016,C013,C018"
U177,"software engineering,augmented reality,game development","C004,C009,C002","C018,C020,C019"
U178,"algorithms,game development,networking","C010,C004,C005,C009","C011,C018,C014,C020,C019"
U179,"IoT,web development,software engineering","C008,C003,C002","C015,C012,C019,C020,C013"
U180,"augmented reality,game development,mobile development,AI,databases","C007,C008,C004","C016,C013,C014"
U181,"game development,mobile development","C005,C007,C010,C004,C003","C013,C017,C019,C012"
U182,"web development,robotics,AI,blockchain,databases","C002,C005,C010,C009","C020,C011,C016"
U183,"augmented reality,quantum computing,cloud computing","C002,C008,C001","C020,C016,C015,C019"
U184,"graphics,software engineering,networking,blockchain","C009,C001,C007,C006,C005","C018,C013,C020,C014"
U185,"networking,robotics,web development,game development,cybersecurity","C002,C009","C015,C018,C011"
U186,"algorithms,augmented reality,game development,robotics","C006,C009,C003","C013,C011"
U187,"game development,AI,blockchain","C001,C008","C014,C015,C017"
U188,"quantum computing,IoT","C001,C007,C010,C002,C004","C018,C014,C019,C011"
U189,"mobile development,AI,networking,big data,natural language processing","C006,C010,C009","C014,C018,C020,C011,C015"
U190,"software engineering,cloud computing,web development,cybersecurity","C008,C006","C011,C012,C015,C016,C018"
U191,"game development,natural language processing,cybersecurity,AI","C010,C004,C003,C006","C014,C015,C011,C019"
U192,"algorithms,cloud computing,cybersecurity,natural language processing,big data","C006,C001,C007","C013,C015,C011,C020,C014"
U193,"blockchain,cloud computing,robotics,mobile development,databases","C007,C008,C009","C013,C016,C019,C014"
U194,"augmented reality,AI,web development,IoT,graphics","C003,C005","C014,C015,C017,C020,C013"
U195,"cybersecurity,augmented reality,blockchain,cloud computing","C003,C009,C010,C004","C016,C019,C011"
U196,"databases,web development,data science","C006,C003,C010,C009,C004","C014,C017,C011"
U197,"algorithms,networking","C001,C005,C007,C003,C006","C019,C018"
U198,"mobile development,cloud computing,databases,computer vision,IoT","C006,C001,C009,C004,C007","C014,C015,C018"
U199,"big data,software engineering,game development,cybersecurity,quantum computing","C009,C001","C013,C011"
U200,"graphics,AI,computer vision,data science","C008,C009,C010,C002,C007","C012,C020,C013,C018,C016"
U201,"game development,graphics,cloud computing","C002,C009,C001,C005","C015,C012"
U202,"software engineering,cybersecurity","C006,C009,C008","C014,C013"
U203,"natural language processing,algorithms","C010,C008","C014,C020,C016"
U204,"databases,graphics,big data,augmented reality,cybersecurity","C009,C003","C013,C019,C018,C012"
U205,"augmented reality,big data,game development","C001,C002,C008","C014,C018"
U206,"IoT,web development,software engineering,game development,computer vision","C007,C003","C020,C014,C017"
U207,"algorithms,quantum computing","C003,C001","C012,C015,C018"
U208,"blockchain,IoT","C001,C008,C003,C009","C017,C012,C014,C013"
U209,"algorithms,graphics,software engineering,web development,data science","C001,C009,C002,C007,C003","C018,C013,C019"
U210,"IoT,cybersecurity,networking,game development,augmented reality","C007,C001,C008","C011,C012,C017"
U211,"blockchain,cloud computing,AI,game development","C009,C001,C010,C003","C013,C012,C016,C011,C019"
U212,"natural language processing,networking,graphics,augmented reality,cloud computing","C009,C005,C003,C010,C007","C013,C020,C018,C017,C019"
U213,"augmented reality,databases,networking,data science","C007,C002,C001,C010,C008","C015,C019"
U214,"quantum computing,blockchain","C009,C003","C011,C019,C015,C017,C016"
U215,"quantum computing,data science,networking,augmented reality","C010,C009,C005,C008","C019,C015,C011,C013,C016"
U216,"databases,quantum computing,data science","C009,C001,C006","C014,C019,C017,C011"
U217,"web development,natural language processing,mobile development,graphics,robotics","C001,C002","C014,C012"
U218,"game development,software engineering,data science","C005,C009,C007,C008","C013,C012"
U219,"web development,networking","C001,C002","C016,C017,C011,C015"
U220,"computer vision,quantum computing,graphics,natural language processing","C002,C003","C017,C013,C019,C012,C015"
U221,"mobile development,big data","C010,C004,C001","C017,C012,C020"
U222,"networking,natural language processing,game development,IoT","C004,C002","C020,C018,C011,C015"
U223,"big data,computer vision","C001,C010,C003,C006","C013,C019"
U224,"augmented reality,big data,robotics,game development,databases","C004,C002,C006","C015,C014,C013,C019"
U225,"cloud computing,big data,augmented reality,AI,IoT","C008,C007,C002,C010","C018,C016"
U226,"computer vision,robotics,mobile development,cybersecurity,web development","C010,C002,C009","C012,C013,C011"
U227,"IoT,game development,quantum computing,mobile development,augmented reality","C005,C002,C006","C011,C020,C015"
U228,"big data,game development,AI,natural language processing","C003,C005,C007,C006,C004","C019,C012,C016,C015"
U229,"augmented reality,networking","C003,C005,C001,C007,C002","C012,C013"
U230,"AI,augmented reality,graphics,natural language processing","C009,C006,C008,C002,C007","C011,C017,C015,C020,C019"
U231,"big data,AI","C003,C002,C001,C008,C004","C011,C019"
U232,"cloud computing,mobile development","C005,C004","C012,C017,C015,C018"
U233,"mobile development,cybersecurity,IoT,databases,web development","C008,C007,C001,C010","C017,C013,C018"
U234,"IoT,algorithms","C002,C010,C003,C005","C013,C012,C011,C017"
U235,"AI,game development,natural language processing,mobile development","C007,C008,C010,C001,C006","C012,C018,C020"
U236,"quantum computing,natural language processing,software engineering","C001,C004","C015,C018,C017,C014,C016"
U237,"big data,robotics,mobile development,data science","C009,C001,C002","C014,C011,C020"
U238,"quantum computing,databases","C010,C003,C007,C002,C006","C017,C019,C013,C015,C018"
U239,"IoT,algorithms,databases","C007,C010,C006,C002,C003","C013,C012,C020"
U240,"databases,blockchain","C006,C009,C007,C010","C011,C020"
U241,"IoT,quantum computing,mobile development","C002,C009,C010,C005","C013,C011"
U242,"IoT,algorithms,data science","C005,C001,C007,C006,C002","C017,C018,C013,C020,C015"
U243,"robotics,computer vision,big data","C009,C002,C006,C007,C010","C012,C016"
U244,"AI,quantum computing","C005,C001,C009","C020,C011,C018,C015"
U245,"mobile development,natural language processing,quantum computing","C004,C001,C007,C009","C017,C018,C013,C014,C011"
U246,"blockchain,networking,databases,big data","C009,C005,C004","C020,C015,C016,C017"
U247,"computer vision,blockchain,quantum computing,graphics,data science","C001,C009,C003,C004","C014,C013,C020,C015,C019"
U248,"AI,computer vision,blockchain","C004,C006,C008,C001","C019,C011,C017,C020,C018"
U249,"blockchain,algorithms","C007,C004,C001","C019,C015,C020,C013"
U250,"databases,cloud computing,mobile development","C001,C009,C002","C017,C014,C016,C011,C012"
U251,"cybersecurity,web development","C010,C006,C007","C012,C015,C013,C014"
U252,"game development,mobile development,networking,data science","C001,C009,C002","C014,C011,C013"
U253,"mobile development,natural language processing,robotics,computer vision","C004,C002,C006,C003","C011,C013"
U254,"IoT,game development","C004,C001,C005","C020,C019,C014"
U255,"data science,software engineering","C009,C010,C007,C002","C013,C016,C011"
U256,"web development,networking,data science,algorithms,graphics","C002,C010,C008,C009,C005","C016,C020,C018,C015"
U257,"blockchain,algorithms,web development","C002,C009","C019,C015,C014,C016"
U258,"big data,web development,mobile development,data science,software engineering","C002,C001,C007,C004,C010","C012,C019,C014,C013,C011"
U259,"computer vision,cybersecurity,data science","C005,C008,C010,C007,C004","C015,C017"
U260,"blockchain,IoT,databases,natural language processing,game development","C001,C006","C013,C014,C019,C015"
U261,"software engineering,web development,networking,data science,cloud computing","C003,C002,C006,C007","C020,C013,C011,C017,C014"
U262,"web development,robotics,software engineering,big data","C009,C005,C004,C008","C016,C013"
U263,"AI,graphics,data science,blockchain,software engineering","C010,C006","C013,C014,C012,C011,C018"
U264,"databases,data science","C003,C004","C018,C015,C013,C017"
U265,"databases,web development","C009,C007","C012,C020,C018"
U266,"algorithms,networking","C010,C005","C020,C017"
U267,"graphics,algorithms,augmented reality","C002,C010,C001,C006","C017,C019,C020"
U268,"cloud computing,quantum computing,robotics,big data,cybersecurity","C008,C001","C020,C013"
U269,"augmented reality,web development","C003,C006,C002,C004","C018,C017,C013"
U270,"game development,cybersecurity,web development,IoT","C002,C008,C007","C020,C017,C019,C018,C011"
U271,"databases,software engineering","C009,C010,C003,C004,C007","C016,C018"
U272,"natural language processing,blockchain,big data","C003,C009,C002","C016,C012,C015"
U273,"web development,big data,cybersecurity,robotics,quantum computing","C003,C008,C007,C009","C019,C015,C017,C011"
U274,"data science,game development","C003,C004,C010,C008,C005","C016,C018"
U275,"software engineering,graphics","C009,C001,C008,C003,C010","C014,C019,C018,C012"
U276,"cybersecurity,IoT,natural language processing","C003,C008,C010,C006,C005","C014,C017"
U277,"IoT,blockchain,cybersecurity,databases","C008,C005","C017,C014,C015,C011,C018"
U278,"natural language processing,game development,blockchain","C009,C005,C010,C007","C019,C013,C017,C018,C011"
U279,"databases,algorithms,augmented reality","C010,C002,C006,C001","C015,C018"
U280,"cybersecurity,robotics","C001,C008,C003,C007,C002","C012,C011,C016,C018"
U281,"mobile development,software engineering,game development","C003,C001","C014,C017"
U282,"AI,robotics,mobile development,big data,quantum computing","C009,C001,C006,C010,C003","C018,C015,C014,C020,C013"
U283,"networking,natural language processing","C006,C010","C016,C018,C015,C013,C011"
U284,"software engineering,augmented reality","C006,C005,C004","C014,C011,C016,C019,C018"
U285,"mobile development,blockchain,cybersecurity,AI,cloud computing","C010,C002,C004,C007","C017,C019,C011"
U286,"cybersecurity,big data,mobile development,data science,software engineering","C007,C010,C002,C001,C004","C020,C011"
U287,"computer vision,AI","C008,C004,C006,C003","C011,C012,C013,C014,C016"
U288,"databases,computer vision,IoT,algorithms","C005,C001,C002,C008","C017,C016,C013,C018"
U289,"databases,graphics,cybersecurity,big data,robotics","C001,C007,C010,C004,C005","C014,C015,C013,C016"
U290,"web development,AI,algorithms,computer vision,quantum computing","C009,C007,C002,C004,C005","C011,C014,C017,C012,C015"
U291,"blockchain,networking,data science,computer vision","C006,C008,C007,C009,C004","C018,C020"
U292,"quantum computing,data science","C001,C008,C004,C002,C010","C013,C012"
U293,"graphics,web development,mobile development,natural language processing","C010,C006,C007","C011,C019,C018,C015,C020"
U294,"software engineering,IoT,databases,cybersecurity","C008,C005,C004,C010","C014,C019,C012,C020"
U295,"cybersecurity,networking,algorithms","C002,C003,C001,C008","C017,C014"
U296,"mobile development,algorithms","C003,C006,C004","C014,C015,C018,C016,C020"
U297,"algorithms,game development,augmented reality,cybersecurity","C009,C006,C004,C008,C007","C013,C015,C017,C011,C019"
U298,"networking,IoT","C008,C005,C010","C017,C018,C012,C011"
U299,"natural language processing,quantum computing,big data,networking,AI","C006,C008,C007,C002,C001","C016,C018,C020,C014"
U300,"networking,cybersecurity,data science,quantum computing","C005,C001,C004,C009,C002","C012,C020,C015,C019"
U301,"blockchain,databases,AI,data science","C008,C001,C003,C004,C005","C012,C020,C016"
U302,"cybersecurity,quantum computing","C003,C010,C009","C017,C018,C020,C016,C019"
U303,"AI,networking,mobile development","C003,C007","C020,C011,C017,C018,C015"
U304,"web development,graphics,cloud computing,data science","C003,C010","C013,C019"
U305,"algorithms,quantum computing,software engineering,IoT,cybersecurity","C001,C004,C008","C012,C014,C017,C015,C011"
U306,"web development,mobile development,blockchain,augmented reality,AI","C007,C008","C019,C011"
U307,"big data,mobile development,game development,IoT,AI","C007,C008,C009,C005","C020,C013,C016,C018,C017"
U308,"quantum computing,algorithms","C007,C004","C020,C018,C011,C012,C019"
U309,"databases,natural language processing,IoT","C007,C010,C006","C014,C011,C016"
U310,"databases,web development,quantum computing","C006,C010,C008,C002","C016,C017,C014,C013,C018"
U311,"augmented reality,cybersecurity","C009,C006,C008,C003,C010","C015,C018,C017,C016"
U312,"computer vision,cybersecurity,algorithms","C003,C010,C004,C002","C015,C018"
U313,"augmented reality,blockchain","C001,C003,C007,C009,C005","C016,C015"
U314,"cloud computing,big data","C006,C007,C002","C014,C019,C016,C017"
U315,"computer vision,big data,AI","C005,C001,C008","C015,C018,C011,C017,C013"
U316,"computer vision,web development,data science,IoT,algorithms","C005,C009","C011,C020,C012"
U317,"IoT,networking,computer vision,graphics","C010,C006,C004","C014,C015"
U318,"software engineering,networking,algorithms,cybersecurity,big data","C002,C005,C001,C007","C012,C016"
U319,"algorithms,big data,databases","C001,C003,C008,C010","C018,C015,C019"
U320,"quantum computing,web development,computer vision,game development,software engineering","C002,C006","C019,C017,C014,C016,C015"
U321,"algorithms,cloud computing,natural language processing","C002,C010,C001,C009","C020,C014,C012"
U322,"cloud computing,networking,AI","C009,C010,C003,C005","C012,C014,C017,C011"
U323,"cloud computing,data science,robotics","C005,C004,C001,C009","C013,C017,C020,C011,C014"
U324,"big data,IoT,robotics","C003,C008","C016,C017"
U325,"computer vision,web development","C005,C004,C003,C010","C015,C011,C019,C018"
U326,"algorithms,cloud computing,graphics,robotics,IoT","C007,C003,C009,C010","C019,C015,C020"
U327,"computer vision,software engineering,quantum computing,natural language processing","C007,C004","C012,C015,C011"
U328,"AI,robotics,databases,software engineering,big data","C008,C007,C005,C002","C013,C015"
U329,"AI,quantum computing,cloud computing,networking","C001,C005,C004,C008","C014,C011,C016"
U330,"algorithms,blockchain,robotics,mobile development","C007,C010,C004,C009,C002","C012,C015"
U331,"networking,cybersecurity,software engineering","C003,C004,C010,C002","C011,C020,C014,C017,C018"
U332,"data science,networking,quantum computing,graphics,software engineering","C006,C007","C014,C020,C011"
U333,"web development,graphics","C005,C008,C009,C010","C019,C014"
U334,"augmented reality,data science,databases,computer vision,cloud computing","C003,C009,C001,C007,C004","C020,C013,C018,C017,C014"
U335,"networking,databases,augmented reality,robotics,mobile development","C006,C004,C009,C005","C013,C011,C012,C016"
U336,"networking,quantum computing,algorithms,cloud computing","C006,C009,C008","C019,C014"
U337,"computer vision,mobile development","C008,C001,C002,C009,C003","C020,C018,C011,C016"
U338,"augmented reality,networking,big data,graphics,cloud computing","C010,C006","C018,C015,C012,C019,C020"
U339,"data science,cybersecurity,algorithms,blockchain","C009,C004,C005,C007","C012,C017,C011,C013,C015"
U340,"big data,AI","C005,C010,C004,C001,C007","C012,C013,C016,C011"
U341,"augmented reality,software engineering,IoT,cybersecurity,web development","C005,C001,C004,C003","C018,C017,C014"
U342,"mobile development,networking","C007,C004,C002,C008","C020,C013,C012"
U343,"robotics,algorithms,natural language processing","C010,C004","C017,C013,C016,C012,C019"
U344,"cybersecurity,graphics,data science,AI","C008,C010","C015,C018"
U345,"IoT,quantum computing","C008,C009,C007","C020,C019,C017"
U346,"mobile development,natural language processing,algorithms","C010,C008,C001,C005","C011,C016"
U347,"software engineering,databases,web development,AI,computer vision","C007,C010,C004","C015,C016,C014,C018"
U348,"graphics,algorithms,quantum computing,augmented reality,big data","C006,C007,C010","C012,C011"
U349,"AI,natural language processing","C004,C010,C006,C001","C012,C014"
U350,"graphics,software engineering,natural language processing,networking,robotics","C006,C005","C020,C011,C016"
U351,"algorithms,graphics,big data,web development,AI","C006,C009,C004","C016,C017,C012,C011,C015"
U352,"quantum computing,cloud computing","C003,C001,C002","C013,C017,C014,C012"
U353,"robotics,mobile development,augmented reality,blockchain,cloud computing","C004,C008,C007","C020,C012,C016"
U354,"cloud computing,databases,graphics,natural language processing","C008,C002","C016,C013,C015,C018,C017"
U355,"networking,computer vision,robotics,big data","C003,C007,C005,C009","C018,C014,C019"
U356,"software engineering,networking,natural language processing","C004,C009,C005,C001,C010","C014,C018,C011,C012"
U357,"blockchain,algorithms,natural language processing,cybersecurity","C009,C006,C005,C002,C008","C012,C011"
U358,"IoT,web development,cloud computing","C010,C002,C005","C018,C017,C014"
U359,"augmented reality,mobile development,big data,robotics","C007,C005,C001","C015,C016,C017,C014"
U360,"cloud computing,quantum computing,mobile development","C003,C001","C017,C014,C019,C013,C016"
U361,"data science,networking,big data","C004,C010","C013,C020,C014,C012"
U362,"data science,big data,computer vision,AI,game development","C007,C001,C003","C020,C016"
U363,"mobile development,AI","C007,C004","C017,C014,C012,C013"
U364,"computer vision,big data","C007,C008","C018,C016"
U365,"software engineering,blockchain,big data","C007,C004,C006,C009,C008","C015,C013,C019,C020,C011"
U366,"data science,computer vision,quantum computing","C003,C010,C009,C001","C019,C011,C016,C015"
U367,"natural language processing,software engineering,algorithms,data science,blockchain","C005,C007","C020,C011"
U368,"algorithms,IoT,data science","C004,C010,C003,C006,C008","C018,C017"
U369,"mobile development,graphics","C009,C005,C002","C020,C015,C018,C013,C014"
U370,"cloud computing,web development,quantum computing","C005,C004,C009,C002","C019,C012"
U371,"data science,databases,web development","C006,C008,C001,C003,C005","C013,C011,C019,C014,C015"
U372,"mobile development,big data","C009,C006,C007,C010","C011,C014,C019,C017,C013"
U373,"big data,cloud computing,databases,software engineering,algorithms","C010,C009,C006","C014,C016,C019,C011,C015"
U374,"robotics,computer vision,web development","C005,C008,C001,C006","C015,C019,C012,C016"
U375,"quantum computing,web development,algorithms,networking,cybersecurity","C008,C002,C003","C020,C011,C016,C019,C014"
U376,"game development,web development","C007,C010,C002,C004","C011,C013,C017,C018"
U377,"software engineering,game development,big data,computer vision","C001,C004,C006","C014,C011,C017"
U378,"cloud computing,software engineering,cybersecurity,natural language processing,big data","C009,C005,C006,C008,C003","C015,C014"
U379,"game development,big data","C007,C004,C006,C002,C009","C019,C016,C017"
U380,"quantum computing,game development,AI","C010,C004,C008,C007,C005","C018,C015,C014,C011,C020"
U381,"algorithms,robotics,cloud computing,augmented reality,AI","C008,C009","C018,C012,C011,C019,C016"
U382,"cloud computing,AI,databases,IoT","C004,C007,C001,C003","C013,C019,C015,C017"
U383,"mobile development,game development,IoT,algorithms","C002,C006,C003","C012,C016"
U384,"databases,data science,cloud computing,software engineering,graphics","C006,C009,C008,C010","C019,C016,C012,C017"
U385,"blockchain,cybersecurity,cloud computing","C003,C004,C009,C006,C008","C015,C019,C011"
U386,"IoT,game development,natural language processing","C010,C006,C009,C007","C015,C014,C017,C012"
U387,"blockchain,databases,mobile development","C010,C004,C007,C002","C014,C015"
U388,"natural language processing,web development","C003,C008,C004,C010,C005","C011,C020,C018"
U389,"algorithms,cybersecurity,blockchain,robotics","C009,C008","C020,C014"
U390,"IoT,data science","C009,C003,C007,C006","C019,C016"
U391,"quantum computing,augmented reality","C008,C001,C003","C014,C013"
U392,"natural language processing,cybersecurity","C002,C010","C019,C013,C016,C014"
U393,"natural language processing,IoT","C009,C010,C001","C011,C020,C015,C016,C019"
U394,"mobile development,cloud computing,cybersecurity","C002,C006","C013,C012"
U395,"databases,software engineering","C003,C005,C009,C008","C017,C011,C018,C020,C014"
U396,"software engineering,networking,data science","C007,C002","C015,C017,C013"
U397,"AI,big data,computer vision,cybersecurity,mobile development","C003,C006,C001","C020,C016"
U398,"robotics,mobile development,IoT,graphics","C009,C005,C008,C003,C007","C017,C020,C016,C019"
U399,"mobile development,quantum computing,networking,databases","C003,C007,C001","C015,C014"
U400,"augmented reality,web development,AI,software engineering","C010,C002","C012,C018,C013,C019"
U401,"IoT,software engineering,cybersecurity,quantum computing","C001,C005,C009,C002","C015,C014,C018,C012,C013"
U402,"algorithms,databases,web development,cybersecurity","C005,C006,C008,C004","C011,C012"
U403,"data science,natural language processing","C008,C010,C005,C001,C009","C013,C012,C017,C018,C019"
U404,"software engineering,robotics","C003,C002,C004,C008","C014,C018"
U405,"computer vision,cybersecurity,blockchain","C008,C009,C010","C015,C017,C012,C019,C020"
U406,"computer vision,networking,graphics,software engineering","C004,C006","C014,C018"
U407,"augmented reality,mobile development","C001,C006","C018,C017"
U408,"cybersecurity,algorithms","C001,C007,C006","C013,C019"
U409,"big data,graphics","C003,C010,C006,C008","C013,C011,C016,C015,C017"
U410,"computer vision,networking,web development,quantum computing","C008,C009","C011,C019"
U411,"computer vision,natural language processing","C002,C005,C004,C009","C020,C019"
U412,"quantum computing,cloud computing,IoT,blockchain","C004,C001,C006,C009,C007","C011,C014,C020,C013"
U413,"blockchain,software engineering,robotics,quantum computing,databases","C001,C007,C003,C010,C006","C016,C013,C018,C017"
U414,"natural language processing,cloud computing","C010,C008,C001,C007","C016,C013"
U415,"computer vision,software engineering,mobile development,natural language processing,IoT","C003,C001,C002","C011,C020,C013"
U416,"databases,web development,AI","C001,C009,C006,C007","C014,C017,C018,C016"
U417,"blockchain,web development,algorithms,natural language processing","C006,C003,C001","C012,C018,C011,C015,C016"
U418,"computer vision,mobile development","C005,C010,C006,C009,C007","C014,C012"
U419,"IoT,AI","C004,C009,C003,C010","C016,C012,C018"
U420,"data science,IoT","C009,C003,C001","C015,C014,C017,C020,C018"
U421,"big data,game development,robotics,AI","C004,C002,C009,C005","C017,C014,C018,C012,C011"
U422,"blockchain,augmented reality,natural language processing","C001,C003","C011,C017,C016,C015"
U423,"mobile development,game development,AI,data science","C004,C008,C009,C010,C006","C017,C019"
U424,"cloud computing,web development,networking,databases,data science","C006,C001","C013,C018,C015"
U425,"databases,game development,robotics,networking","C009,C005,C007,C010,C002","C015,C018,C016,C011,C013"
U426,"blockchain,data science","C008,C007,C009","C019,C016"
U427,"quantum computing,web development,natural language processing","C003,C004","C019,C012,C018"
U428,"robotics,IoT","C004,C009,C008,C002","C018,C020"
U429,"networking,AI,blockchain,graphics,algorithms","C010,C004,C001","C013,C011,C019,C020,C014"
U430,"natural language processing,algorithms,AI,big data,cloud computing","C006,C002","C017,C013,C018"
U431,"IoT,robotics","C004,C002,C007","C014,C013,C012,C011"
U432,"quantum computing,databases,natural language processing,algorithms","C002,C007,C003,C004","C012,C018,C013,C017"
U433,"robotics,data science","C008,C001,C010","C018,C015"
U434,"quantum computing,cybersecurity","C009,C006","C011,C018,C017,C015"
U435,"robotics,data science,blockchain","C007,C003","C017,C018,C016,C013,C020"
U436,"IoT,mobile development","C007,C005,C002,C003,C010","C014,C017,C016,C019"
U437,"data science,cybersecurity","C008,C001,C006,C003,C004","C016,C011,C017"
U438,"software engineering,AI","C009,C002,C006,C003,C001","C018,C016,C011,C017"
U439,"algorithms,game development","C008,C009,C005,C003","C013,C016,C018,C019,C011"
U440,"big data,AI","C001,C004,C002","C018,C011"
U441,"software engineering,augmented reality,data science,mobile development","C006,C010","C018,C017,C013"
U442,"game development,robotics,computer vision,software engineering","C006,C007,C008","C016,C018,C012,C019"
U443,"software engineering,networking,cybersecurity","C007,C003,C010","C012,C014"
U444,"web development,databases,IoT,robotics,algorithms","C006,C004,C008","C012,C016,C020"
U445,"blockchain,mobile development,robotics","C001,C007,C003","C018,C020"
U446,"natural language processing,algorithms","C003,C007,C010","C012,C017,C013,C018,C014"
U447,"software engineering,AI,IoT,robotics","C009,C004,C008,C001","C017,C018,C019"
U448,"cybersecurity,big data,web development,quantum computing","C010,C003,C005,C004,C007","C014,C015,C020"
U449,"big data,blockchain","C003,C006,C002,C004","C015,C013,C020"
U450,"quantum computing,software engineering,robotics,algorithms,databases","C003,C010,C004,C001","C012,C015"
U451,"IoT,cybersecurity,mobile development","C007,C004,C006,C001,C010","C012,C013,C019,C017,C020"
U452,"natural language processing,robotics,AI","C009,C008,C006,C002,C010","C015,C016,C018"
U453,"augmented reality,natural language processing,algorithms,blockchain","C003,C001,C007,C002,C008","C020,C016,C013,C011,C012"
U454,"graphics,IoT,quantum computing","C004,C003,C009","C012,C015,C014,C017,C016"
U455,"cloud computing,game development","C005,C009,C010,C001,C007","C014,C017,C019,C015"
U456,"cybersecurity,networking,mobile development,IoT,computer vision","C008,C010,C001","C020,C013,C019,C016"
U457,"software engineering,augmented reality,mobile development","C001,C008,C005,C007","C012,C018,C015,C020"
U458,"blockchain,natural language processing,software engineering,graphics,networking","C009,C002,C005","C018,C019,C011,C020"
U459,"cloud computing,mobile development","C001,C008,C003,C005,C010","C019,C017,C013,C011"
U460,"quantum computing,robotics,software engineering,cloud computing","C010,C003,C001,C007","C017,C020,C014"
U461,"augmented reality,big data,web development","C008,C009,C002,C005","C017,C012,C014,C018"
U462,"computer vision,natural language processing","C008,C005,C004","C020,C014,C019"
U463,"robotics,augmented reality","C001,C004,C007,C002,C010","C012,C020,C011,C019,C017"
U464,"AI,software engineering,data science","C002,C006,C001","C012,C014,C019,C016,C017"
U465,"blockchain,cybersecurity,mobile development,IoT","C009,C007","C015,C016,C019,C014"
U466,"data science,software engineering,robotics,cloud computing,web development","C004,C005,C006,C008,C003","C011,C016,C013,C015,C012"
U467,"natural language processing,mobile development,graphics,computer vision,blockchain","C006,C005,C007,C003,C002","C013,C011,C016,C019"
U468,"blockchain,graphics,software engineering,game development","C010,C003,C001,C006","C017,C012,C014,C013,C016"
U469,"quantum computing,cybersecurity,IoT","C003,C004,C008,C006","C012,C016,C011"
U470,"software engineering,graphics","C004,C008","C020,C018,C015,C019,C011"
U471,"databases,computer vision,software engineering,web development,quantum computing","C005,C009,C003,C004,C002","C019,C011"
U472,"data science,mobile development,blockchain","C009,C004,C005,C003","C017,C011,C016"
U473,"AI,databases","C002,C001,C007,C010,C006","C018,C016,C019,C015"
U474,"cybersecurity,mobile development","C009,C003","C018,C011"
U475,"graphics,databases,game development,mobile development","C007,C001","C013,C016,C012"
U476,"web development,graphics,cybersecurity","C010,C003,C005,C008,C007","C019,C011,C018,C013,C014"
U477,"augmented reality,algorithms,software engineering,cybersecurity","C001,C004,C006,C009,C002","C016,C019,C014"
U478,"algorithms,quantum computing,cybersecurity,networking","C004,C001,C006,C003,C009","C016,C015,C012,C011,C020"
U479,"augmented reality,data science","C006,C003,C009","C011,C017,C013,C014,C015"
U480,"AI,cybersecurity,mobile development,computer vision,big data","C008,C004,C002,C005,C003","C012,C014,C016,C013,C018"
U481,"graphics,cloud computing","C008,C007","C014,C020"
U482,"AI,software engineering,computer vision,cybersecurity,quantum computing","C003,C002,C004","C012,C014,C016"
U483,"graphics,IoT,augmented reality,databases","C003,C010,C006","C019,C020,C018,C012"
U484,"AI,cloud computing,cybersecurity","C001,C002,C005,C006,C007","C020,C018"
U485,"mobile development,data science,cybersecurity,cloud computing","C001,C008,C003","C020,C015"
U486,"game development,blockchain,cloud computing,quantum computing","C005,C007,C002,C009","C018,C015"
U487,"mobile development,graphics","C009,C005,C003,C007,C002","C020,C016"
U488,"databases,AI,computer vision","C006,C005,C009,C004,C007","C018,C011,C014,C016,C012"
U489,"AI,game development,algorithms,computer vision,cybersecurity","C006,C010,C008","C015,C017"
U490,"game development,algorithms,computer vision,cloud computing","C007,C003,C006,C008,C001","C015,C011,C014,C012"
U491,"AI,databases,computer vision","C001,C006,C009","C011,C017,C020,C015,C012"
U492,"quantum computing,natural language processing","C005,C009,C006,C001,C007","C020,C012,C014"
U493,"graphics,AI,blockchain,networking,game development","C005,C004","C014,C011,C012,C013,C016"
U494,"AI,web development,networking,game development","C002,C001,C003","C018,C020,C017,C016,C011"
U495,"data science,graphics,augmented reality,AI,databases","C004,C009,C006,C007","C019,C014"
U496,"algorithms,augmented reality,natural language processing","C005,C008,C007","C011,C020,C019,C016,C013"
U497,"databases,cybersecurity","C005,C006,C004,C003,C001","C019,C020,C016"
U498,"quantum computing,robotics,cloud computing,IoT","C006,C002,C008","C019,C015,C013,C011,C020"
U499,"game development,cybersecurity,big data","C005,C004","C015,C019"
U500,"cybersecurity,AI,web development","C001,C002","C019,C016,C015,C020"
U501,"software engineering,databases,big data","C005,C009","C016,C015,C013,C019"
U502,"cybersecurity,databases,robotics","C007,C004,C006","C014,C015,C011"
U503,"software engineering,computer vision","C008,C003,C006,C005","C020,C018"
U504,"mobile development,quantum computing","C001,C004,C003,C005,C007","C019,C013"
U505,"software engineering,networking,quantum computing","C003,C006","C013,C020,C014,C017"
U506,"big data,augmented reality,web development","C008,C010,C004,C009","C020,C011,C019"
U507,"augmented reality,web development,robotics","C004,C001,C003,C008,C002","C012,C013,C014,C017,C015"
U508,"quantum computing,AI,databases,cybersecurity","C001,C002,C009,C008","C019,C013,C012"
U509,"game development,databases","C010,C007,C006,C009","C014,C020"
U510,"cybersecurity,game development,web development","C010,C007,C004,C002","C020,C012,C018,C019,C013"
U511,"cloud computing,big data,networking,natural language processing,graphics","C008,C005,C002","C019,C015,C016"
U512,"cloud computing,IoT,graphics","C004,C003,C007,C002,C009","C020,C018"
U513,"web development,cloud computing,software engineering","C010,C002,C005,C009","C016,C019,C018,C013"
U514,"graphics,computer vision,big data","C009,C004,C002,C005,C001","C019,C012,C015,C018"
U515,"quantum computing,mobile development","C007,C003,C008","C018,C012,C011,C019,C014"
U516,"quantum computing,mobile development,graphics","C003,C009,C008,C002","C011,C018,C013,C014,C020"
U517,"natural language processing,AI","C001,C008,C003,C004","C012,C017,C015,C013,C011"
U518,"cloud computing,AI,quantum computing,mobile development","C010,C007,C006,C002,C001","C018,C016"
U519,"databases,game development,mobile development,AI","C001,C005","C020,C012,C017,C011"
U520,"computer vision,data science,cloud computing,AI","C005,C008","C015,C014,C012,C018"
U521,"IoT,AI","C010,C006","C019,C018,C012,C016"
U522,"natural language processing,game development,networking,mobile development,blockchain","C008,C003,C002,C007,C005","C011,C017"
U523,"game development,software engineering,augmented reality,IoT","C001,C005,C004,C007,C006","C015,C018,C020"
U524,"augmented reality,AI","C003,C006,C004","C015,C011,C017,C018,C019"
U525,"cloud computing,quantum computing,blockchain,algorithms,software engineering","C005,C008","C011,C013"
U526,"natural language processing,quantum computing,computer vision,IoT","C007,C010,C005,C004,C009","C018,C017,C012"
U527,"blockchain,cybersecurity","C001,C003","C017,C015"
U528,"mobile development,databases","C002,C005","C018,C014"
U529,"game development,mobile development,graphics,AI","C001,C007","C019,C018"
U530,"networking,blockchain","C001,C002,C006","C017,C014,C015"
U531,"graphics,algorithms,natural language processing,computer vision,blockchain","C001,C005","C019,C020,C013"
U532,"algorithms,graphics,robotics","C009,C008,C001","C011,C018,C019"
U533,"cloud computing,networking,IoT,computer vision","C002,C004,C006,C010,C001","C017,C020,C016,C013,C015"
U534,"data science,game development,mobile development,AI","C010,C009","C019,C020"
U535,"computer vision,game development,databases,web development,quantum computing","C001,C006,C005,C003,C002","C016,C015,C013,C019"
U536,"big data,mobile development,cybersecurity,natural language processing","C010,C006,C005","C015,C013,C016,C014,C019"
U537,"cybersecurity,quantum computing,data science,augmented reality","C002,C007,C005,C004,C010","C020,C019,C014"
U538,"algorithms,quantum computing","C001,C004,C008,C002","C020,C014,C015"
U539,"IoT,big data,mobile development","C008,C009,C010","C013,C011,C015,C020"
U540,"data science,web development","C006,C009,C005","C012,C017,C015"
U541,"IoT,software engineering,graphics","C003,C002,C009","C016,C014,C017,C020"
U542,"blockchain,AI,augmented reality,networking","C003,C001,C005","C016,C020,C014,C012"
U543,"natural language processing,augmented reality,cybersecurity,game development,networking","C002,C008,C006","C014,C015,C017,C020,C013"
U544,"mobile development,natural language processing,big data,computer vision","C008,C005,C001,C002,C006","C016,C019,C013,C012"
U545,"algorithms,databases,quantum computing,computer vision,IoT","C005,C010,C003","C012,C011"
U546,"augmented reality,game development,mobile development,blockchain","C004,C006,C009,C007,C003","C018,C016,C012"
U547,"quantum computing,algorithms,data science","C004,C007,C003,C005","C016,C011"
U548,"web development,big data,augmented reality","C004,C010","C012,C020,C019"
U549,"IoT,databases,web development,graphics","C003,C010,C001,C006","C020,C019,C012"
U550,"data science,game development,augmented reality","C003,C007","C011,C012,C020,C014"
U551,"quantum computing,IoT,big data","C008,C009,C010,C003,C001","C013,C016,C015"
U552,"natural language processing,robotics,mobile development,web development","C005,C009,C007,C001,C004","C020,C012,C018,C017"
U553,"AI,natural language processing,web development,networking,cybersecurity","C006,C004","C020,C014,C018"
U554,"networking,data science,blockchain,graphics,algorithms","C006,C009,C010,C003","C015,C016"
U555,"computer vision,algorithms,IoT,cloud computing","C003,C002,C007,C008,C005","C013,C014,C019,C012,C016"
U556,"software engineering,cloud computing,graphics","C001,C006,C008,C010","C011,C019,C020"
U557,"graphics,IoT,databases,cloud computing,data science","C005,C006,C003,C007,C010","C019,C013,C014"
U558,"big data,databases,networking","C006,C004,C007,C010","C016,C015"
U559,"AI,cybersecurity,algorithms,software engineering","C008,C003,C001","C018,C017,C020"
U560,"databases,game development,cloud computing","C008,C005","C017,C016,C014,C018,C020"
U561,"software engineering,augmented reality,cloud computing,quantum computing,networking","C009,C006,C005,C003","C020,C018,C015,C016,C011"
U562,"AI,natural language processing,robotics,networking,quantum computing","C005,C001","C017,C018,C019,C020,C012"
U563,"big data,IoT,cloud computing,data science","C004,C007,C002,C005,C006","C013,C011,C014,C015,C012"
U564,"game development,cybersecurity,web development,data science,software engineering","C004,C003,C010","C011,C017,C018,C015,C019"
U565,"AI,big data","C009,C002,C008,C004,C007","C014,C012,C013,C020,C019"
U566,"graphics,mobile development","C003,C005,C009,C006","C019,C011,C015,C013,C012"
U567,"game development,robotics","C006,C009,C002,C003","C017,C014"
U568,"computer vision,robotics","C008,C003","C011,C015,C020,C016,C012"
U569,"algorithms,web development,databases,augmented reality","C003,C008","C014,C011,C013"
U570,"augmented reality,data science,computer vision,graphics","C005,C006,C009,C007,C004","C016,C017,C020,C012,C019"
U571,"game development,data science,software engineering,quantum computing,cybersecurity","C010,C002,C005,C003","C020,C019,C011"
U572,"game development,algorithms,software engineering,networking,computer vision","C004,C001","C019,C017,C014,C015,C013"
U573,"cybersecurity,game development","C010,C007","C014,C019,C015,C017"
U574,"IoT,algorithms,game development,augmented reality,data science","C009,C004","C012,C013,C016"
U575,"cybersecurity,networking,data science,databases","C005,C002","C020,C019,C017,C011"
U576,"quantum computing,natural language processing","C009,C003","C012,C020,C015"
U577,"game development,blockchain,quantum computing","C010,C001,C007,C009,C004","C016,C013,C015"
U578,"databases,algorithms","C007,C010,C008,C002,C003","C018,C016,C020,C011"
U579,"mobile development,IoT","C010,C003,C002,C007","C016,C020,C015"
U580,"augmented reality,AI","C002,C009,C004,C007","C019,C016,C014,C012,C020"
U581,"mobile development,software engineering,graphics","C004,C003,C009,C002","C015,C017,C019"
U582,"databases,networking,data science,AI","C004,C005","C012,C019,C016,C020,C017"
U583,"computer vision,augmented reality,databases,blockchain","C008,C003,C007,C004,C001","C019,C020,C018"
U584,"algorithms,computer vision,cloud computing,natural language processing","C010,C009,C007,C006","C015,C020,C018"
U585,"quantum computing,big data,algorithms,mobile development","C008,C004,C005,C003,C001","C016,C018,C014"
U586,"cybersecurity,augmented reality,AI,web development,networking","C009,C001,C006,C004,C008","C017,C013"
U587,"big data,cybersecurity,algorithms,web development,AI","C009,C001,C002","C019,C016,C020,C013"
U588,"databases,networking,natural language processing,blockchain,data science","C001,C007,C006,C005,C003","C013,C017,C018"
U589,"networking,game development,software engineering,mobile development,augmented reality","C004,C002","C020,C016"
U590,"augmented reality,computer vision,AI,IoT,cybersecurity","C006,C005,C001","C014,C015,C012,C019"
U591,"IoT,cybersecurity,algorithms","C006,C002,C003","C018,C014,C013,C019"
U592,"algorithms,data science,databases,cloud computing,augmented reality","C005,C010,C006,C007","C011,C014"
U593,"algorithms,big data,mobile development,databases","C004,C001,C003,C009","C020,C016,C013,C018"
U594,"cybersecurity,game development,big data,robotics","C006,C009","C012,C016,C011"
U595,"data science,databases,IoT,computer vision","C006,C007,C009,C002,C003","C015,C014"
U596,"cybersecurity,web development,data science,quantum computing","C010,C006,C008,C002","C018,C013,C014,C015,C017"
U597,"cloud computing,natural language processing,quantum computing,cybersecurity,data science","C002,C006","C017,C018,C011,C015,C020"
U598,"robotics,mobile development,quantum computing,IoT","C003,C002,C007,C006","C016,C013,C020,C014,C012"
U599,"databases,web development","C008,C010,C005,C007,C004","C012,C014"
U600,"algorithms,big data,robotics,networking","C010,C009,C007,C003,C001","C018,C019,C017,C012,C015"
U601,"graphics,natural language processing","C008,C006","C014,C012"
U602,"robotics,cloud computing,big data,blockchain","C008,C003","C014,C013"
U603,"cloud computing,web development,software engineering","C010,C009","C013,C016"
U604,"web development,software engineering,databases,robotics,computer vision","C004,C007,C005,C006,C003","C015,C019,C017"
U605,"networking,data science,IoT","C001,C004,C003,C008","C016,C018"
U606,"AI,big data,game development,IoT,web development","C005,C008","C017,C011,C013,C018,C020"
U607,"computer vision,data science","C005,C006,C007,C004","C013,C011,C014,C019,C018"
U608,"databases,IoT","C004,C007,C003","C013,C017,C014,C016,C020"
U609,"augmented reality,software engineering,mobile development,robotics","C008,C005,C003","C014,C016,C015"
U610,"data science,AI,IoT,computer vision,quantum computing","C004,C003,C007,C010","C017,C014,C012,C018,C015"
U611,"algorithms,databases,game development","C008,C009,C005,C010","C016,C020"
U612,"quantum computing,AI","C005,C009,C004","C020,C018,C014,C016"
U613,"cloud computing,algorithms,AI","C007,C008,C004","C013,C018,C017"
U614,"networking,game development,data science,IoT,blockchain","C006,C001","C019,C012,C020,C014,C018"
U615,"big data,AI,graphics,databases,game development","C002,C004,C003,C001","C014,C018,C011"
U616,"game development,IoT,cybersecurity","C005,C007,C001","C018,C016,C011,C019,C020"
U617,"blockchain,game development","C004,C006,C007,C008,C005","C012,C016"
U618,"algorithms,quantum computing,game development,augmented reality","C008,C009","C016,C011"
U619,"software engineering,graphics,networking,cloud computing","C003,C002,C007,C009,C001","C018,C012,C011"
U620,"blockchain,graphics,robotics,data science,software engineering","C001,C006,C003,C002,C007","C018,C019,C014,C020"
U621,"big data,databases,data science,quantum computing","C009,C008,C006,C007,C005","C016,C011,C017,C020,C019"
U622,"game development,networking,software engineering","C009,C006","C018,C019,C011,C014"
U623,"natural language processing,computer vision","C005,C002,C008","C020,C018,C019,C014,C017"
U624,"data science,cloud computing,quantum computing,graphics,blockchain","C001,C002,C006,C003,C008","C019,C016,C015,C017"
U625,"data science,game development,IoT,graphics,quantum computing","C001,C010,C003,C004","C013,C014"
U626,"augmented reality,blockchain,game development,data science","C003,C005,C009","C013,C015,C017,C018,C020"
U627,"natural language processing,networking","C003,C009,C005,C006,C004","C020,C014,C011,C017"
U628,"natural language processing,networking,big data","C006,C009","C018,C012,C019,C014"
U629,"software engineering,web development,robotics,algorithms","C003,C010,C009,C004,C008","C020,C012,C016"
U630,"databases,algorithms","C007,C003,C006,C010","C015,C019"
U631,"IoT,cloud computing,software engineering,augmented reality,mobile development","C009,C001,C003,C005","C016,C015"
U632,"algorithms,big data,databases","C005,C009,C010","C013,C020,C011,C019"
U633,"computer vision,networking","C001,C010,C002","C018,C017,C019"
U634,"cloud computing,big data","C007,C010,C009,C002,C003","C015,C020,C012,C019"
U635,"mobile development,software engineering","C002,C004,C006,C010,C001","C020,C015"
U636,"data science,algorithms,blockchain","C008,C007,C005","C012,C020,C013"
U637,"web development,IoT,natural language processing,computer vision","C003,C001,C008,C006,C002","C019,C014,C020,C018"
U638,"robotics,software engineering,augmented reality","C003,C009,C001,C005,C007","C018,C014,C016,C015,C019"
U639,"databases,big data,cybersecurity","C001,C003,C002,C010","C019,C013"
U640,"software engineering,data science,game development,mobile development,augmented reality","C002,C008,C009","C020,C015,C012,C019,C014"
U641,"networking,robotics","C006,C003","C020,C019,C013,C014,C012"
U642,"game development,cybersecurity,computer vision","C010,C004,C005,C008,C001","C012,C011,C015"
U643,"cybersecurity,cloud computing,game development,augmented reality,networking","C001,C006,C007,C009,C010","C018,C019,C014,C012,C013"
U644,"blockchain,databases,IoT,graphics,AI","C007,C002","C018,C017"
U645,"blockchain,natural language processing,AI","C001,C005,C010","C016,C013"
U646,"quantum computing,cybersecurity,algorithms,IoT","C007,C005","C013,C012,C015,C011"
U647,"computer vision,robotics,software engineering","C004,C003","C020,C013,C014,C011,C012"
U648,"software engineering,natural language processing,data science,algorithms,quantum computing","C007,C001,C003,C006","C019,C015,C014,C020,C016"
U649,"big data,robotics,algorithms","C004,C002,C005,C010","C011,C018,C012,C017"
U650,"cloud computing,cybersecurity,natural language processing,big data,computer vision","C006,C004,C009","C017,C014"
U651,"cloud computing,game development,data science","C010,C003,C006,C001","C018,C014,C011,C017,C013"
U652,"cybersecurity,game development,databases,big data,blockchain","C006,C003,C009,C007","C016,C017"
U653,"cloud computing,blockchain,robotics","C005,C002,C004","C018,C014,C012"
U654,"databases,AI,game development,mobile development","C004,C001,C009,C003,C006","C011,C014,C018"
U655,"software engineering,networking","C007,C008,C004","C020,C011,C013,C014"
U656,"web development,computer vision,mobile development,databases,algorithms","C009,C007","C017,C011"
U657,"computer vision,IoT,robotics,cybersecurity","C009,C005","C011,C013,C015,C017,C014"
U658,"augmented reality,AI,cybersecurity,game development","C005,C008","C020,C012,C018"
U659,"networking,natural language processing","C006,C007,C009,C010,C003","C020,C013,C012"
U660,"cybersecurity,AI,big data","C009,C010,C005,C003,C001","C018,C011,C015"
U661,"quantum computing,web development,AI","C003,C010,C007","C012,C014,C020,C013,C018"
U662,"networking,big data,mobile development,AI","C010,C009,C001","C011,C018,C017,C013,C019"
U663,"networking,game development","C004,C006,C002","C012,C011,C016"
U664,"cybersecurity,AI","C010,C001,C005,C004,C007","C015,C018"
U665,"game development,networking,natural language processing","C005,C009","C015,C018,C017,C011"
U666,"networking,databases","C008,C005,C001","C012,C019,C017,C018,C020"
U667,"game development,blockchain,cloud computing,web development,data science","C007,C001,C002,C004","C015,C013,C011"
U668,"AI,natural language processing","C004,C003,C010,C001,C002","C011,C012,C019"
U669,"databases,robotics,AI,augmented reality","C006,C008,C009","C011,C018,C020"
U670,"cloud computing,AI","C001,C002,C009,C010,C006","C020,C019,C012,C013"
U671,"quantum computing,databases,web development,IoT,cloud computing","C009,C007,C004,C006,C008","C017,C012,C016"
U672,"web development,AI,cybersecurity,networking","C006,C008,C001","C018,C015"
U673,"software engineering,algorithms,quantum computing,graphics,data science","C005,C001,C007","C014,C017"
U674,"networking,augmented reality,natural language processing,IoT","C005,C003,C001,C008","C020,C013,C011,C019"
U675,"web development,blockchain,networking,algorithms,game development","C004,C010","C018,C012"
U676,"mobile development,AI","C004,C001","C011,C013"
U677,"robotics,IoT","C006,C004,C007,C001,C009","C013,C019,C017,C015,C016"
U678,"natural language processing,cloud computing","C009,C008","C012,C020"
U679,"data science,networking,blockchain","C007,C004","C020,C013"
U680,"cloud computing,databases,IoT,graphics","C005,C001","C012,C014"
U681,"computer vision,algorithms,mobile development,graphics,IoT","C009,C003,C002","C016,C018,C012,C014"
U682,"augmented reality,cloud computing,computer vision","C005,C004,C007,C002","C020,C017,C016"
U683,"cybersecurity,augmented reality","C003,C002,C006","C012,C019,C017,C020,C011"
U684,"algorithms,big data,game development,data science,IoT","C010,C008","C016,C013,C018,C020,C015"
U685,"augmented reality,AI,graphics,mobile development,data science","C010,C006,C001,C004,C002","C014,C020"
U686,"AI,algorithms,big data","C007,C004,C005","C016,C015,C020"
U687,"graphics,quantum computing","C002,C004,C010,C003,C001","C019,C011,C016,C018"
U688,"cybersecurity,quantum computing,augmented reality,networking","C006,C008,C001,C009","C017,C016,C012,C015"
U689,"databases,cloud computing","C010,C003,C004,C005,C007","C014,C018"
U690,"big data,quantum computing","C003,C010,C007","C018,C013"
U691,"blockchain,databases,software engineering","C003,C004,C006","C017,C011,C014,C018"
U692,"databases,cybersecurity,AI,quantum computing,augmented reality","C007,C005,C001,C009","C013,C020,C019,C014,C011"
U693,"cybersecurity,game development,computer vision,IoT,natural language processing","C006,C002,C004,C010,C005","C011,C014"
U694,"databases,software engineering,mobile development","C008,C009,C002,C001","C017,C019,C015,C020"
U695,"IoT,natural language processing,blockchain,computer vision,mobile development","C005,C009,C007","C018,C017"
U696,"cybersecurity,game development","C005,C004,C002,C001","C015,C014,C012,C020"
U697,"web development,data science,IoT,software engineering","C002,C007","C015,C019"
U698,"computer vision,robotics,cloud computing,AI,blockchain","C002,C007,C004","C020,C016,C014,C015,C013"
U699,"natural language processing,game development,networking","C009,C005","C013,C019,C018,C017,C020"
U700,"blockchain,cloud computing,graphics,data science,networking","C008,C001,C006,C010,C002","C017,C018,C020"
U701,"data science,augmented reality,robotics","C002,C004,C008,C009,C006","C016,C014,C013,C017,C020"
U702,"IoT,networking","C008,C006","C015,C018,C019,C011"
U703,"robotics,cybersecurity,IoT","C006,C007,C004,C010,C001","C018,C017"
U704,"data science,cybersecurity","C008,C007,C001,C002","C016,C011"
U705,"quantum computing,blockchain,augmented reality","C007,C008,C010,C001","C016,C017,C011"
U706,"quantum computing,networking,blockchain","C002,C001","C017,C016,C011,C013"
U707,"AI,computer vision,databases","C002,C001","C013,C019,C011"
U708,"robotics,IoT,web development","C008,C003,C005,C009","C018,C011,C020"
U709,"databases,web development,blockchain","C008,C009,C004,C010,C007","C019,C020"
U710,"quantum computing,robotics","C006,C003","C012,C013,C016,C014,C020"
U711,"mobile development,big data,computer vision,algorithms","C007,C005","C020,C019,C016,C017,C018"
U712,"software engineering,AI,IoT,game development","C001,C010","C017,C019,C016,C020,C018"
U713,"cloud computing,software engineering,AI,graphics","C001,C004,C002","C020,C018,C015,C013,C011"
U714,"game development,big data,software engineering,quantum computing,natural language processing","C003,C007,C010,C009,C008","C019,C017"
U715,"web development,networking,robotics","C003,C007,C001,C009","C016,C018,C017,C011,C012"
U716,"web development,quantum computing,game development","C009,C008,C001","C018,C015"
U717,"augmented reality,software engineering,quantum computing,algorithms,mobile development","C006,C002","C013,C012,C011,C019,C014"
U718,"graphics,IoT,mobile development,software engineering,web development","C007,C001","C011,C016,C019,C015,C014"
U719,"computer vision,networking","C007,C010,C006","C013,C011,C015,C016,C014"
U720,"cloud computing,computer vision,cybersecurity,databases,IoT","C006,C004,C003","C014,C012,C015,C016"
U721,"IoT,cloud computing,mobile development,robotics","C010,C006,C009,C008","C020,C019,C016"
U722,"computer vision,cybersecurity","C008,C006","C019,C014,C018,C011"
U723,"game development,cloud computing,blockchain,augmented reality","C008,C006,C003,C002,C004","C016,C018"
U724,"databases,computer vision,mobile development,augmented reality","C010,C008,C002","C020,C014"
U725,"software engineering,augmented reality,cloud computing","C007,C009,C008,C001","C012,C014,C013,C015"
U726,"natural language processing,augmented reality,quantum computing,networking","C004,C010,C008,C009","C014,C012,C018"
U727,"graphics,IoT","C009,C006,C010,C007,C002","C017,C015,C013,C014"
U728,"cybersecurity,computer vision,software engineering,augmented reality,data science","C007,C009","C013,C019,C016"
U729,"cloud computing,robotics,blockchain","C001,C007,C009,C006,C003","C016,C013,C018,C014"
U730,"cloud computing,natural language processing","C004,C007","C020,C011,C018"
U731,"big data,cloud computing,AI,IoT","C004,C001,C009,C002","C014,C017,C016"
U732,"networking,graphics","C003,C010,C001,C007","C020,C012,C018,C019,C011"
U733,"augmented reality,algorithms","C010,C003","C012,C018"
U734,"mobile development,algorithms,cybersecurity,blockchain","C005,C004,C006,C001,C008","C013,C014,C017,C011"
U735,"data science,cybersecurity,big data,mobile development","C003,C004","C011,C012,C018,C016"
U736,"data science,blockchain","C008,C007,C010,C001","C020,C014,C019,C012"
U737,"quantum computing,networking,data science","C006,C003,C007,C008,C010","C014,C012,C015,C011"
U738,"cybersecurity,game development,databases,blockchain,data science","C008,C004","C017,C019"
U739,"AI,robotics,algorithms","C007,C010,C002","C020,C019"
U740,"cloud computing,natural language processing,graphics,data science,computer vision","C009,C006,C004,C002,C007","C015,C013,C016"
U741,"mobile development,blockchain","C002,C001,C006,C003","C014,C018,C017,C019,C011"
U742,"AI,natural language processing,algorithms,networking","C010,C001","C019,C012"
U743,"game development,quantum computing","C007,C008","C016,C019,C013"
U744,"mobile development,IoT,quantum computing","C005,C007","C017,C016,C013"
U745,"mobile development,AI,robotics","C002,C001,C006,C005,C009","C011,C018,C013"
U746,"quantum computing,AI","C010,C005,C004,C003,C002","C020,C011,C018"
U747,"robotics,cybersecurity,data science,web development","C006,C002,C005,C008,C010","C013,C016"
U748,"big data,graphics,cloud computing","C008,C009","C012,C018,C013,C017,C016"
U749,"cloud computing,computer vision,web development,augmented reality","C003,C006,C007,C001","C012,C014,C011,C018"
U750,"cybersecurity,databases,computer vision,web development,robotics","C005,C007","C013,C017"
U751,"graphics,mobile development,cybersecurity,networking,robotics","C009,C006,C003,C004,C007","C017,C013,C020,C012"
U752,"game development,algorithms,quantum computing,cloud computing,networking","C004,C010,C006,C003,C007","C014,C015,C018"
U753,"graphics,cloud computing,cybersecurity,software engineering,natural language processing","C004,C009","C014,C012,C013,C016"
U754,"augmented reality,graphics,cloud computing,natural language processing,databases","C006,C010","C011,C019,C020,C018"
U755,"natural language processing,data science,blockchain,quantum computing","C001,C006,C003,C002,C010","C011,C014,C020"
U756,"graphics,augmented reality,networking,quantum computing","C004,C009","C011,C018"
U757,"big data,natural language processing","C002,C010,C009,C004","C015,C019,C013,C016"
U758,"game development,robotics","C008,C005","C019,C020,C017"
U759,"blockchain,IoT,mobile development","C001,C004,C010,C007,C003","C020,C015,C013"
U760,"big data,algorithms","C003,C001","C018,C019,C015"
U761,"blockchain,computer vision,robotics,game development,big data","C009,C003,C005","C016,C011,C018,C020"
U762,"software engineering,cybersecurity,mobile development","C004,C007,C002,C010,C009","C018,C013"
U763,"cybersecurity,augmented reality","C009,C010,C005","C015,C019"
U764,"quantum computing,cybersecurity","C007,C002","C017,C016,C013"
U765,"networking,robotics,cybersecurity,data science,graphics","C001,C005,C007,C010","C014,C012,C019,C020,C017"
U766,"robotics,AI,software engineering,mobile development","C005,C007","C011,C016,C015"
U767,"augmented reality,blockchain,natural language processing,mobile development","C007,C006,C005,C010","C018,C014,C015,C020"
U768,"graphics,databases","C008,C006,C002","C018,C016"
U769,"databases,data science,mobile development,web development","C007,C002,C004","C012,C019,C018,C011"
U770,"robotics,algorithms","C003,C004,C001,C006,C005","C018,C012"
U771,"natural language processing,AI","C009,C004,C010,C007,C001","C011,C016"
U772,"mobile development,cloud computing,AI","C003,C002,C007","C019,C016,C018,C013"
U773,"web development,algorithms,software engineering,natural language processing,data science","C007,C003,C009,C005","C016,C020,C013,C011,C012"
U774,"data science,big data,networking","C004,C008,C010,C001,C009","C017,C019,C012,C020"
U775,"databases,mobile development,IoT","C007,C005,C009,C002,C006","C013,C019,C014"
U776,"databases,data science,quantum computing,web development","C006,C007,C001,C010,C009","C016,C011,C014"
U777,"databases,software engineering","C009,C002,C001,C006","C018,C015,C014"
U778,"software engineering,robotics,algorithms,augmented reality","C007,C006,C005","C011,C017,C013"
U779,"AI,quantum computing,big data,algorithms,blockchain","C007,C009,C010","C017,C016"
U780,"robotics,algorithms,networking,cybersecurity,blockchain","C006,C002,C005,C003,C008","C014,C016,C012"
U781,"natural language processing,networking,graphics","C010,C001,C004","C020,C011,C012"
U782,"IoT,robotics,augmented reality,natural language processing","C003,C007,C005,C004,C008","C015,C020,C017"
U783,"cybersecurity,cloud computing,computer vision,robotics","C008,C010","C019,C016,C014,C015"
U784,"AI,mobile development","C006,C003,C009","C018,C019,C015"
U785,"natural language processing,algorithms,computer vision,databases","C004,C010,C002","C014,C015,C017,C018,C019"
U786,"software engineering,augmented reality,AI,cybersecurity,networking","C003,C008,C010,C009","C018,C011,C020,C016,C013"
U787,"cybersecurity,computer vision,blockchain","C010,C002","C015,C016,C012"
U788,"big data,IoT,data science,mobile development,cybersecurity","C005,C007,C001,C009","C016,C015,C017,C011,C020"
U789,"databases,cloud computing,augmented reality,graphics,web development","C005,C009","C015,C017,C019,C016"
U790,"blockchain,mobile development,AI,cloud computing,networking","C002,C003,C004","C018,C015,C017,C020"
U791,"web development,algorithms,natural language processing,computer vision","C006,C004,C008,C005","C014,C011,C018,C013"
U792,"IoT,augmented reality,computer vision,robotics","C004,C006","C018,C011,C014,C020,C015"
U793,"big data,computer vision,web development,IoT","C002,C010,C004,C001","C012,C014,C011,C015"
U794,"software engineering,augmented reality,robotics,IoT,cybersecurity","C008,C009,C004","C013,C015"
U795,"big data,computer vision,augmented reality,databases,mobile development","C006,C008,C005,C007","C011,C013,C017,C020,C019"
U796,"augmented reality,quantum computing,AI,natural language processing,web development","C003,C008","C020,C014"
U797,"augmented reality,IoT,web development,networking,cloud computing","C010,C006,C004","C015,C013,C019,C012,C011"
U798,"networking,blockchain","C004,C002,C003,C008","C016,C018,C012,C015"
U799,"cybersecurity,natural language processing","C005,C001","C016,C019,C012,C020"
U800,"cybersecurity,natural language processing,web development,software engineering","C007,C003,C002","C019,C014,C016,C018"
U801,"AI,quantum computing,big data","C006,C003","C015,C018,C014"
U802,"robotics,game development","C002,C010,C004","C014,C018"
U803,"mobile development,data science,algorithms","C004,C007,C008,C009,C002","C012,C016"
U804,"big data,computer vision,algorithms,mobile development,cloud computing","C009,C001","C013,C015,C018,C011,C019"
U805,"natural language processing,networking,mobile development,IoT","C006,C001,C005,C009","C014,C013,C016,C011,C019"
U806,"networking,data science,game development,IoT,databases","C006,C003","C012,C018,C013,C011,C014"
U807,"quantum computing,AI,big data,web development,computer vision","C007,C008,C003,C005","C018,C016,C014,C015"
U808,"data science,IoT,big data","C005,C003,C010,C007","C019,C018,C014,C020"
U809,"big data,robotics,software engineering,blockchain","C003,C005,C004,C006","C014,C017,C020,C016,C013"
U810,"software engineering,computer vision","C010,C009,C008,C001,C006","C017,C020,C016,C011,C012"
U811,"algorithms,cybersecurity","C004,C008,C010","C020,C012,C016"
U812,"cybersecurity,natural language processing,cloud computing,databases,computer vision","C003,C005,C006,C007,C008","C019,C016,C015,C017"
U813,"augmented reality,robotics","C010,C005","C017,C011"
U814,"algorithms,augmented reality,mobile development,big data,natural language processing","C005,C009,C002,C006","C015,C014,C018,C016,C013"
U815,"computer vision,software engineering,cloud computing,quantum computing","C008,C009,C010","C012,C015,C016,C013,C019"
U816,"graphics,robotics,quantum computing,cybersecurity,AI","C004,C007","C020,C013,C015,C018"
U817,"AI,cloud computing","C003,C007","C011,C020"
U818,"natural language processing,web development,IoT,networking,robotics","C004,C005,C001","C020,C012,C013,C011"
U819,"graphics,computer vision,quantum computing,cloud computing,IoT","C004,C010,C007","C014,C016,C011"
U820,"AI,blockchain,game development","C002,C009,C010,C007,C005","C014,C019,C017,C018,C016"
U821,"game development,algorithms,networking,software engineering","C005,C003,C006","C013,C014,C011,C017"
U822,"augmented reality,robotics,cybersecurity","C002,C008","C013,C016,C017,C018"
U823,"natural language processing,blockchain,AI,data science,algorithms","C002,C008,C010","C014,C012"
U824,"AI,big data,natural language processing,software engineering,algorithms","C002,C005","C015,C011"
U825,"blockchain,web development","C006,C004,C005,C009","C019,C011,C013"
U826,"software engineering,quantum computing","C001,C004,C010","C011,C018"
U827,"AI,cloud computing,natural language processing","C006,C007,C005","C011,C017"
U828,"software engineering,natural language processing,cybersecurity,game development","C006,C001,C005,C010,C002","C012,C015,C011,C018,C017"
U829,"IoT,quantum computing,algorithms,big data,robotics","C010,C006","C017,C011"
U830,"web development,software engineering,robotics","C003,C007,C006,C001","C015,C017,C012,C019,C013"
U831,"graphics,computer vision","C009,C006,C004","C020,C017"
U832,"computer vision,data science,cloud computing,mobile development,augmented reality","C002,C006,C009","C015,C011,C018,C012"
U833,"cybersecurity,algorithms","C003,C009,C006,C007","C020,C016"
U834,"AI,IoT,networking,game development,algorithms","C002,C008,C005","C015,C020,C014,C012"
U835,"IoT,databases","C008,C003,C010","C017,C015,C011,C012,C013"
U836,"computer vision,game development","C002,C007,C010","C015,C016,C018"
U837,"graphics,big data,data science","C008,C010,C002","C015,C020,C018"
U838,"game development,software engineering,AI,computer vision","C005,C001,C003","C014,C016,C015"
U839,"big data,algorithms,data science","C009,C002,C006","C018,C012"
U840,"databases,augmented reality","C008,C001,C010,C002","C015,C013"
U841,"augmented reality,cloud computing,graphics","C009,C001,C002","C015,C018,C019,C016,C011"
U842,"networking,big data,software engineering,cloud computing","C009,C004","C019,C013,C015,C018"
U843,"algorithms,robotics,quantum computing","C008,C006,C003,C004,C007","C012,C018,C016,C015"
U844,"graphics,AI,natural language processing,cloud computing","C008,C003,C001","C018,C017,C011,C019"
U845,"IoT,networking,game development","C005,C002,C003,C009,C010","C016,C018,C014"
U846,"data science,quantum computing,IoT","C004,C006,C009,C001,C008","C014,C019,C012,C020"
U847,"quantum computing,AI,IoT,algorithms,graphics","C001,C010,C005","C011,C012,C020,C013"
U848,"robotics,cybersecurity,data science","C005,C010,C006","C020,C013,C019,C017,C012"
U849,"algorithms,augmented reality,graphics,data science,software engineering","C006,C002,C001,C005","C014,C016,C020,C011,C019"
U850,"blockchain,quantum computing,robotics,big data","C001,C003,C002,C008,C004","C014,C015"
U851,"quantum computing,robotics","C005,C006,C010,C009","C018,C015,C016,C019"
U852,"natural language processing,augmented reality,software engineering,quantum computing","C001,C004,C005,C003,C006","C018,C014,C020,C012"
U853,"AI,computer vision,augmented reality,quantum computing","C006,C008,C001,C007","C019,C015,C020,C013,C016"
U854,"cloud computing,AI,IoT,cybersecurity","C002,C004,C003,C008,C005","C017,C011,C012,C018"
U855,"cybersecurity,networking","C006,C007,C001,C010","C017,C016,C014,C015"
U856,"cybersecurity,augmented reality,quantum computing","C008,C002,C010","C013,C014,C018,C020,C015"
U857,"cloud computing,algorithms","C003,C006,C010","C016,C020,C018"
U858,"networking,game development,big data,software engineering","C001,C008","C018,C013"
U859,"AI,natural language processing","C007,C003","C015,C019,C016"
U860,"augmented reality,cloud computing","C010,C007,C008,C003,C005","C011,C020,C014,C016,C013"
U861,"networking,game development,software engineering,algorithms","C010,C002","C016,C012,C020"
U862,"web development,blockchain","C001,C005,C010","C013,C011,C014,C020"
U863,"big data,cloud computing,software engineering","C005,C010,C008,C007","C011,C014,C015"
U864,"graphics,blockchain","C003,C010,C008,C007,C005","C011,C017"
U865,"blockchain,natural language processing,quantum computing","C007,C002,C008","C020,C018,C017,C012"
U866,"robotics,databases,computer vision,data science","C010,C001","C018,C013,C011"
U867,"augmented reality,cloud computing,software engineering","C002,C008,C001","C012,C011,C013"
U868,"IoT,augmented reality,algorithms,quantum computing,web development","C006,C009,C008","C018,C015"
U869,"computer vision,algorithms,web development,cloud computing","C004,C003,C001","C016,C013,C012"
U870,"IoT,cloud computing","C008,C005,C009","C014,C011"
U871,"augmented reality,blockchain","C001,C008,C006,C009,C003","C011,C013"
U872,"mobile development,quantum computing,blockchain","C008,C006,C003,C002","C019,C016"
U873,"mobile development,natural language processing,cloud computing,blockchain","C003,C009","C013,C019,C017"
U874,"software engineering,augmented reality,computer vision","C005,C004,C010,C008","C012,C018,C016,C015,C017"
U875,"databases,data science,augmented reality,computer vision,IoT","C006,C002,C010,C008","C018,C011"
U876,"robotics,web development,data science,cybersecurity,quantum computing","C005,C004","C011,C019,C014,C018,C016"
U877,"IoT,data science,graphics","C007,C002,C005,C006","C013,C015,C017"
U878,"cloud computing,big data,web development,AI,quantum computing","C007,C008","C017,C016,C012"
U879,"computer vision,web development,software engineering,IoT,AI","C003,C007,C006,C008,C001","C017,C013,C018"
U880,"AI,game development,data science,cloud computing","C002,C004,C003,C010","C015,C019"
U881,"cybersecurity,graphics,game development","C008,C005","C018,C014,C015"
U882,"cybersecurity,blockchain,databases,algorithms,graphics","C009,C010","C014,C012,C017,C015,C011"
U883,"big data,networking","C006,C004","C013,C011"
U884,"augmented reality,blockchain","C006,C001,C003","C012,C018,C013,C011"
U885,"AI,graphics,IoT,augmented reality,networking","C004,C007,C008,C009,C005","C016,C012"
U886,"cloud computing,databases,big data,quantum computing","C006,C010","C020,C016,C014,C017,C015"
U887,"augmented reality,blockchain,mobile development,cloud computing","C002,C003,C001,C008,C010","C012,C018,C017"
U888,"robotics,game development","C005,C002,C003,C010","C012,C016"
U889,"algorithms,databases","C008,C010,C006","C014,C011"
U890,"natural language processing,databases,algorithms,computer vision","C008,C004,C010,C006","C012,C011,C016,C020"
U891,"algorithms,mobile development,quantum computing,cloud computing","C005,C007","C019,C015"
U892,"robotics,cloud computing,data science,cybersecurity,quantum computing","C006,C001,C004,C009","C017,C012,C016,C020,C011"
U893,"AI,augmented reality,robotics,IoT,cybersecurity","C010,C005,C001,C009,C004","C018,C014,C019,C015,C020"
U894,"cloud computing,web development,IoT,AI","C009,C003,C002,C001,C010","C020,C017,C016"
U895,"algorithms,web development,augmented reality","C010,C006,C009,C002,C001","C019,C016"
U896,"data science,algorithms","C005,C006,C009","C011,C014,C013,C017,C015"
U897,"mobile development,AI","C006,C010,C005,C009,C007","C012,C011,C019,C020"
U898,"web development,cloud computing,computer vision,augmented reality","C004,C002,C006,C010,C008","C018,C015,C014"
U899,"cloud computing,algorithms","C001,C003,C006,C004,C009","C020,C017,C012"
U900,"big data,game development","C009,C004,C010","C019,C017,C018,C015"
U901,"web development,blockchain,robotics,data science,networking","C002,C009,C005,C008,C004","C015,C016,C019,C012,C011"
U902,"web development,software engineering,cloud computing,databases,algorithms","C004,C006,C010,C005,C001","C017,C014,C011,C020,C015"
U903,"AI,big data,mobile development","C004,C005","C013,C019"
U904,"databases,big data,game development","C010,C001,C005,C007","C011,C012,C019"
U905,"game development,big data,mobile development,algorithms","C005,C002,C003,C004","C013,C020,C011,C015"
U906,"graphics,cloud computing","C004,C003,C005,C002,C007","C020,C019,C012,C015,C016"
U907,"cloud computing,databases,big data,web development","C004,C001","C018,C019,C017"
U908,"cybersecurity,quantum computing,databases","C008,C001","C013,C011,C012,C014,C015"
U909,"cloud computing,natural language processing","C001,C004","C011,C015,C013,C016,C012"
U910,"computer vision,algorithms","C009,C002,C003,C004,C005","C012,C018,C017,C019"
U911,"cloud computing,natural language processing","C008,C004","C013,C016,C019,C020"
U912,"databases,AI,game development,mobile development","C004,C007","C018,C020,C014,C017"
U913,"augmented reality,game development,IoT,quantum computing,computer vision","C007,C009,C006","C017,C014,C020,C011,C016"
U914,"web development,algorithms","C005,C004","C014,C013,C016"
U915,"IoT,robotics","C003,C007","C016,C020"
U916,"software engineering,blockchain,cloud computing,graphics,cybersecurity","C009,C001,C008","C015,C012"
U917,"cloud computing,web development,natural language processing,blockchain","C005,C009,C004","C019,C015,C020,C012,C018"
U918,"augmented reality,databases,game development","C009,C005","C015,C018"
U919,"cybersecurity,networking,IoT,game development,blockchain","C010,C002,C009,C006,C004","C020,C011,C015"
U920,"big data,cloud computing,networking,natural language processing","C002,C008,C005","C017,C013,C016,C012"
U921,"big data,AI,web development","C002,C005","C015,C011"
U922,"robotics,databases,computer vision,big data","C002,C004,C006,C008","C017,C012,C015,C016,C020"
U923,"networking,computer vision,mobile development","C005,C004,C009","C011,C015,C020,C016,C012"
U924,"IoT,augmented reality,AI","C006,C008,C002,C010,C009","C018,C019,C014,C016,C017"
U925,"robotics,cybersecurity,natural language processing,AI","C003,C010,C009","C017,C014,C019,C020,C013"
U926,"blockchain,algorithms,augmented reality","C001,C010,C009,C007,C004","C013,C012"
U927,"networking,game development,data science,web development,augmented reality","C008,C007,C001,C010,C009","C012,C014"
U928,"cybersecurity,networking,databases","C003,C007,C002,C004","C019,C012,C015,C018"
U929,"algorithms,AI","C002,C007,C009","C011,C014"
U930,"game development,natural language processing,databases,computer vision,augmented reality","C005,C010,C002,C003,C006","C017,C014,C015"
U931,"robotics,blockchain,graphics,IoT","C009,C010,C006","C013,C014,C020,C016"
U932,"augmented reality,software engineering,big data,cybersecurity,graphics","C005,C007,C004,C001,C008","C013,C020"
U933,"game development,blockchain,cloud computing","C005,C009","C018,C011,C012,C013,C017"
U934,"cloud computing,game development","C010,C009","C016,C014"
U935,"natural language processing,AI","C002,C004,C009","C015,C012,C017,C019,C013"
U936,"AI,software engineering,data science","C008,C009,C006,C004","C019,C015,C018"
U937,"game development,natural language processing,algorithms,databases","C001,C004,C009,C002","C012,C013,C016,C018"
U938,"big data,robotics,cloud computing,augmented reality","C001,C008,C005","C016,C018"
U939,"cloud computing,computer vision,mobile development,databases","C004,C003,C002,C007,C006","C016,C019,C018,C013"
U940,"networking,software engineering,IoT","C001,C008,C003,C005,C006","C012,C016,C018,C014,C011"
U941,"cloud computing,robotics","C009,C001,C004,C003","C012,C013,C015"
U942,"graphics,big data,game development,networking","C005,C004","C013,C020,C018,C017,C015"
U943,"natural language processing,big data,augmented reality","C001,C010,C005","C017,C014,C016"
U944,"mobile development,IoT,software engineering,cloud computing","C001,C006,C005","C016,C018"
U945,"cloud computing,IoT,quantum computing,game development,AI","C008,C005","C018,C016"
U946,"web development,software engineering","C008,C010,C004","C017,C019,C013,C020,C015"
U947,"AI,databases","C001,C009,C004,C002,C006","C016,C018"
U948,"blockchain,algorithms,robotics,natural language processing","C002,C004","C016,C011"
U949,"databases,computer vision,AI","C004,C007","C015,C019,C017"
U950,"computer vision,game development,augmented reality,graphics","C010,C008","C015,C019,C011,C018"
U951,"algorithms,robotics,quantum computing","C007,C008,C004","C012,C018"
U952,"databases,web development","C002,C008","C011,C014"
U953,"blockchain,networking","C002,C003,C006","C019,C012"
U954,"mobile development,computer vision,web development","C009,C004,C007,C005","C016,C014,C015,C012,C020"
U955,"AI,quantum computing","C006,C004","C019,C017,C012,C014"
U956,"graphics,web development,big data,algorithms,computer vision","C005,C006,C007","C013,C018,C014,C017,C016"
U957,"cloud computing,IoT,graphics,computer vision,algorithms","C006,C010","C015,C020,C017"
U958,"graphics,robotics","C010,C004","C011,C020,C016,C014,C018"
U959,"graphics,augmented reality,cybersecurity","C003,C005","C014,C018,C017,C016"
U960,"graphics,software engineering","C006,C002,C003,C010","C019,C014"
U961,"robotics,graphics,mobile development,augmented reality,quantum computing","C006,C001,C007","C014,C018,C020,C017,C016"
U962,"algorithms,computer vision,networking","C001,C006","C019,C017,C014"
U963,"algorithms,augmented reality","C010,C008,C001,C003","C019,C013,C014,C020,C016"
U964,"AI,networking","C005,C004,C002,C009,C006","C012,C020,C019,C016"
U965,"IoT,data science","C005,C007","C012,C017,C018"
U966,"game development,web development","C008,C005","C013,C011,C014,C018,C015"
U967,"graphics,AI,computer vision,web development","C005,C009,C006","C020,C011"
U968,"quantum computing,robotics,networking","C004,C003,C010,C001","C019,C020,C015"
U969,"graphics,cloud computing,databases,IoT,big data","C002,C008,C004","C018,C019,C013,C012,C020"
U970,"game development,big data,mobile development","C009,C002","C017,C012"
U971,"networking,big data,IoT,algorithms","C001,C006,C010","C014,C011,C020,C016,C018"
U972,"big data,algorithms,robotics,computer vision","C007,C008,C005,C004,C006","C012,C011,C016,C017"
U973,"cybersecurity,cloud computing","C010,C008","C019,C020,C011"
U974,"computer vision,data science,blockchain,networking,robotics","C006,C009,C003,C004","C016,C011,C012,C015"
U975,"graphics,quantum computing","C006,C004,C002,C001,C007","C018,C019,C011"
U976,"databases,web development","C001,C002,C007,C008,C006","C012,C015"
U977,"computer vision,algorithms,cybersecurity","C001,C008","C015,C016,C012"
U978,"data science,natural language processing,AI,software engineering","C003,C006,C008,C004,C002","C020,C014,C017,C016"
U979,"game development,networking,augmented reality,cloud computing,AI","C004,C001","C011,C018,C014,C019"
U980,"cloud computing,web development,algorithms,graphics","C001,C008","C013,C016,C018,C020"
U981,"data science,IoT,software engineering,game development,algorithms","C006,C009,C004,C005,C001","C011,C016,C017,C020,C013"
U982,"cloud computing,quantum computing,software engineering,AI","C006,C008,C003,C007","C013,C018,C015"
U983,"big data,graphics,algorithms,networking,computer vision","C007,C003,C009,C010","C011,C014"
U984,"networking,quantum computing,cybersecurity,big data","C001,C010","C013,C014,C019"
U985,"computer vision,cybersecurity","C001,C007,C005","C015,C013,C011,C016,C020"
U986,"graphics,quantum computing,algorithms,IoT,robotics","C010,C004,C002","C016,C017,C020"
U987,"quantum computing,AI","C005,C003","C017,C016,C013"
U988,"networking,natural language processing,cybersecurity","C004,C009,C001","C019,C018,C020,C014,C016"
U989,"quantum computing,databases","C002,C009,C007","C011,C015,C019,C014,C016"
U990,"natural language processing,cloud computing","C003,C010,C001,C009,C004","C011,C017,C015,C018,C013"
U991,"software engineering,cloud computing,graphics","C003,C004","C017,C016,C019,C018"
U992,"cybersecurity,cloud computing,AI,networking,databases","C007,C001,C003","C013,C011,C017,C020"
U993,"robotics,software engineering,augmented reality,quantum computing,blockchain","C006,C004,C009,C007","C020,C018,C013,C019"
U994,"big data,algorithms,robotics,quantum computing,databases","C001,C003,C010","C015,C019,C011"
U995,"software engineering,augmented reality,robotics","C005,C009","C016,C014,C020"
U996,"IoT,quantum computing,blockchain,graphics","C009,C006,C010,C008,C005","C013,C019,C016,C014,C017"
U997,"software engineering,robotics","C006,C001,C005,C009,C003","C018,C015,C012,C011,C014"
U998,"cybersecurity,databases,big data,robotics","C002,C005,C004,C003","C019,C018"
U999,"augmented reality,robotics,cloud computing,data science","C002,C007,C006,C010,C003","C015,C019,C013"
U1000,"big data,game development,cybersecurity","C008,C006,C001,C005,C009","C014,C015,C017,C019"
